Workbook

Sheet README
A1: Population of the Philippines by island group (Luzon, Visayas, Mindanao), 2000–2024
A3: What this is | B3: Total population of the three island groups for every PSA census year from 2000 to the latest (2024), built by summing PSA's official regional census counts.
A4: Source | B4: Philippine Statistics Authority (PSA): 2000, 2010 and 2020 Census of Population and Housing; 2015 and 2024 Census of Population. No regional, international or modelled sources were used for the census figures.
A5: Years covered | B5: 2000, 2010, 2015, 2020, 2024 (census reference dates: 1 May 2000, 1 May 2010, 1 Aug 2015, 1 May 2020, 1 Jul 2024). The 2007 Census of Population is NOT included: I did not retrieve its regional counts from a PSA source.
A6: Why island groups need summing | B6: PSA reports population by administrative region, not by island group. Each region was assigned wholly to one island group (see Regional_Census, column C).
A7: Island-group mapping | B7: Luzon: NCR, CAR, I, II, III, IV-A, MIMAROPA, V. Visayas: VI, NIR (2024 only), VII, VIII. Mindanao: IX, X, XI, XII, XIII, BARMM.
A8: Boundary changes | B8: 2000–2020 values use the 2020 regional boundaries (17 regions). 2024 uses 2024 boundaries (18 regions: NIR re-created in 2024; Cotabato City and the Special Geographic Area moved from Region XII to BARMM). These shifts are within an island group, so island-group totals stay comparable.
A9: Quality checks | B9: Summed regional counts equal PSA's published national population (excluding Filipinos abroad) exactly for 2010, 2015, 2020 and 2024. For 2000, PSA's national figure is only available rounded (76.51 million); the regional sum (76,485,088) is ~0.03% lower. See Island_Group_Summary and Verification.
A10: Sheets | B10: Island_Group_Summary – headline table, shares and growth rates (formulas). Regional_Census – PSA regional inputs with sources. Verification – arithmetic behind derived values. Annual_Interpolated_DERIVED – non-official annual estimates for modelling. Sources – every URL and whether it was opened.
A11: Colour key | B11: Blue text = hard-coded value transcribed from PSA. Black = formula. Green = link to another sheet. Orange-shaded notes = boundary change to be aware of.
A12: Caveat for Mindanao comparisons | B12: Some sources (e.g., Wikipedia) quote other Mindanao totals because they define the island group differently (island vs. island group, inclusion of Sulu archipelago/Palawan). The figures here follow the region-based definition above.
A15: Prepared 24 September 2026 from PSA publications; see Sources sheet.

Sheet Island_Group_Summary
A1: Population of Luzon, Visayas and Mindanao – census years 2000 to 2024
A2: Island-group totals are formulas summing the PSA regional counts on the Regional_Census sheet. Source: Philippine Statistics Authority (PSA).
A4: Item | B4: 2000 | C4: 2010 | D4: 2015 | E4: 2020 | F4: 2024
A5: Census reference date | B5: 36647 | C5: 40299 | D5: 42217 | E5: 43952 | F5: 45474
A6: Population (persons)
A7: Luzon | B7: =SUMIFS(Regional_Census!D$5:D$22,Regional_Census!$C$5:$C$22,$A7) -> 42822878 | C7: =SUMIFS(Regional_Census!E$5:E$22,Regional_Census!$C$5:$C$22,$A7) -> 52362999 | D7: =SUMIFS(Regional_Census!F$5:F$22,Regional_Census!$C$5:$C$22,$A7) -> 57470097 | E7: =SUMIFS(Regional_Census!G$5:G$22,Regional_Census!$C$5:$C$22,$A7) -> 62196942 | F7: =SUMIFS(Regional_Census!H$5:H$22,Regional_Census!$C$5:$C$22,$A7) -> 64162977
A8: Visayas | B8: =SUMIFS(Regional_Census!D$5:D$22,Regional_Census!$C$5:$C$22,$A8) -> 15528346 | C8: =SUMIFS(Regional_Census!E$5:E$22,Regional_Census!$C$5:$C$22,$A8) -> 18003940 | D8: =SUMIFS(Regional_Census!F$5:F$22,Regional_Census!$C$5:$C$22,$A8) -> 19373431 | E8: =SUMIFS(Regional_Census!G$5:G$22,Regional_Census!$C$5:$C$22,$A8) -> 20583861 | F8: =SUMIFS(Regional_Census!H$5:H$22,Regional_Census!$C$5:$C$22,$A8) -> 21033659
A9: Mindanao | B9: =SUMIFS(Regional_Census!D$5:D$22,Regional_Census!$C$5:$C$22,$A9) -> 18133864 | C9: =SUMIFS(Regional_Census!E$5:E$22,Regional_Census!$C$5:$C$22,$A9) -> 21968174 | D9: =SUMIFS(Regional_Census!F$5:F$22,Regional_Census!$C$5:$C$22,$A9) -> 24135775 | E9: =SUMIFS(Regional_Census!G$5:G$22,Regional_Census!$C$5:$C$22,$A9) -> 26252442 | F9: =SUMIFS(Regional_Census!H$5:H$22,Regional_Census!$C$5:$C$22,$A9) -> 27531140
A10: Total (sum of 3 island groups) | B10: =SUM(B7:B9) -> 76485088 | C10: =SUM(C7:C9) -> 92335113 | D10: =SUM(D7:D9) -> 100979303 | E10: =SUM(E7:E9) -> 109033245 | F10: =SUM(F7:F9) -> 112727776
A12: Check against PSA national totals
A13: PSA total population (incl. Filipinos in PH embassies/consulates abroad) | C13: 92337852 | D13: 100981437 | E13: 109035343 | F13: 112729484
A14: Of which: Filipinos in PH embassies/consulates/missions abroad | C14: 2739 | D14: 2134 | E14: 2098 | F14: 1708
A15: PSA population living in the 17/18 regions | B15: n/a | C15: =C13-C14 -> 92335113 | D15: =D13-D14 -> 100979303 | E15: =E13-E14 -> 109033245 | F15: =F13-F14 -> 112727776
A16: Difference: island-group total minus PSA | B16: see note | C16: =C10-C15 -> 0 | D16: =D10-D15 -> 0 | E16: =E10-E15 -> 0 | F16: =F10-F15 -> 0
A17: Note on 2000: PSA's 2010 CPH press release gives the 2000 national total only as 76.51 million (rounded). The regional sum here is 76,485,088, about 0.03% lower. I could not find the published exact 2000 national count to explain the gap; treat 2000 as accurate to roughly ±0.03%.
A18: Sources for rows 13–14: 2024 POPCEN national press release, Table 1 and notes (https://psa.gov.ph/system/files/phcd/1_2024%20POPCEN%20Press%20Release_Declaration%20of%20Count_Revised_ONS-signed_0.pdf).
A20: Share of national population | G20: Average value
A21: Luzon | B21: =B7/B$10 -> 0.55988532 | C21: =C7/C$10 -> 0.56709736 | D21: =D7/D$10 -> 0.56912749 | E21: =E7/E$10 -> 0.57044016 | F21: =F7/F$10 -> 0.56918516 | G21: =AVERAGE(B21:F21) -> 0.5671471
A22: Visayas | B22: =B8/B$10 -> 0.20302449 | C22: =C8/C$10 -> 0.19498476 | D22: =D8/D$10 -> 0.19185546 | E22: =E8/E$10 -> 0.18878518 | F22: =F8/F$10 -> 0.18658808 | G22: =AVERAGE(B22:F22) -> 0.19304759
A23: Mindanao | B23: =B9/B$10 -> 0.23709019 | C23: =C9/C$10 -> 0.23791788 | D23: =D9/D$10 -> 0.23901705 | E23: =E9/E$10 -> 0.24077466 | F23: =F9/F$10 -> 0.24422676 | G23: =AVERAGE(B23:F23) -> 0.23980531
A25: Average annual growth rate since previous census
A26: Formula: (P_t / P_prev)^(1 / years between reference dates) − 1, same geometric method PSA uses for its PGR; years = days/365.25.
A27: Luzon | B27: – | C27: =(C7/B7)^(1/((C$5-B$5)/365.25))-1 -> 0.020319207 | D27: =(D7/C7)^(1/((D$5-C$5)/365.25))-1 -> 0.017880512 | E27: =(E7/D7)^(1/((E$5-D$5)/365.25))-1 -> 0.016778836 | F27: =(F7/E7)^(1/((F$5-E$5)/365.25))-1 -> 0.0074962706
A28: Visayas | B28: – | C28: =(C8/B8)^(1/((C$5-B$5)/365.25))-1 -> 0.014904353 | D28: =(D8/C8)^(1/((D$5-C$5)/365.25))-1 -> 0.014058909 | E28: =(E8/D8)^(1/((E$5-D$5)/365.25))-1 -> 0.012840167 | F28: =(F8/E8)^(1/((F$5-E$5)/365.25))-1 -> 0.0052010467
A29: Mindanao | B29: – | C29: =(C9/B9)^(1/((C$5-B$5)/365.25))-1 -> 0.019369185 | D29: =(D9/C9)^(1/((D$5-C$5)/365.25))-1 -> 0.018081322 | E29: =(E9/D9)^(1/((E$5-D$5)/365.25))-1 -> 0.017854532 | F29: =(F9/E9)^(1/((F$5-E$5)/365.25))-1 -> 0.011478533
A30: Total | B30: – | C30: =(C10/B10)^(1/((C$5-B$5)/365.25))-1 -> 0.019013954 | D30: =(D10/C10)^(1/((D$5-C$5)/365.25))-1 -> 0.017188076 | E30: =(E10/D10)^(1/((E$5-D$5)/365.25))-1 -> 0.016285822 | F30: =(F10/E10)^(1/((F$5-E$5)/365.25))-1 -> 0.008028927
A32: Cross-check: PSA publishes national PGRs of 1.90% (2000–10), 1.72% (2010–15), 1.63% (2015–20) and 0.80% (2020–24).

Sheet Regional_Census
A1: Philippines – Population by administrative region, census years 2000–2024 (PSA)
A2: Blue = hard-coded values transcribed from PSA publications. Counts are total population at each census reference date.
A4: Code | B4: Region | C4: Island group | D4: 2000 (1 May 2000) | E4: 2010 (1 May 2010) | F4: 2015 (1 Aug 2015) | G4: 2020 (1 May 2020) | H4: 2024 (1 Jul 2024) | I4: How the 2000–2020 values were obtained / boundary notes | J4: Source URL – 2000 to 2020 values | K4: Source URL – 2024 value
A5: NCR | B5: National Capital Region | C5: Luzon | D5: 9932560 | E5: 11855975 | F5: 12877253 | G5: 13484462 | H5: 14001751 | I5: 2020 count as published; 2000/2010/2015 = 2020 count minus the exact increases stated in the PSA text (see Verification sheet). | J5: https://psa.gov.ph/statistics/population-and-housing/node/165009 | K5: https://psa.gov.ph/content/highlights-national-capital-region-ncr-population-2024-census-population-2024-popcen
A6: CAR | B6: Cordillera Administrative Region | C6: Luzon | D6: 1365412 | E6: 1616867 | F6: 1722006 | G6: 1797660 | H6: 1808985 | I6: 2020 count as published; 2000/2010/2015 = 2020 count minus the exact increases stated in the PSA text (see Verification sheet). | J6: https://psa.gov.ph/content/highlights-cordillera-administrative-region-car-population-2020-census-population-and | K6: https://psa.gov.ph/statistics/population-and-housing/index
A7: I | B7: Region I – Ilocos | C7: Luzon | D7: 4200478 | E7: 4748372 | F7: 5026128 | G7: 5301139 | H7: 5342453 | I7: 2020 count as published; 2000/2010/2015 = 2020 count minus the exact increases stated in the PSA text (see Verification sheet). | J7: https://psa.gov.ph/content/highlights-region-i-ilocos-region-population-2020-census-population-and-housing-2020-cph | K7: https://psa.gov.ph/content/highlights-region-i-ilocos-region-population-2024-census-population-2024-popcen
A8: II | B8: Region II – Cagayan Valley | C8: Luzon | D8: 2813159 | E8: 3229163 | F8: 3451410 | G8: 3685744 | H8: 3777608 | I8: 2020 count as published; 2000/2010/2015 = 2020 count minus the exact increases stated in the PSA text (see Verification sheet). | J8: https://psa.gov.ph/content/highlights-region-ii-cagayan-valley-population-2020-census-population-and-housing-2020-cph | K8: https://psa.gov.ph/content/highlights-region-ii-cagayan-valley-population-2024-census-population-2024-popcen
A9: III | B9: Region III – Central Luzon | C9: Luzon | D9: 8204742 | E9: 10137737 | F9: 11218177 | G9: 12422172 | H9: 12989074 | I9: 2020 count as published; 2000/2010/2015 = 2020 count minus the exact increases stated in the PSA text (see Verification sheet). | J9: https://psa.gov.ph/content/highlights-region-iii-central-luzon-population-2020-census-population-and-housing-2020-cph | K9: https://psa.gov.ph/statistics/population-and-housing/index
A10: IV-A | B10: Region IV-A – CALABARZON | C10: Luzon | D10: 9320629 | E10: 12609803 | F10: 14414774 | G10: 16195042 | H10: 16933234 | I10: Exact counts from Table 1 of the PSA RSSO IV-A 2020 highlights page. | J10: https://rsso04a.psa.gov.ph/content/highlights-region-iv-calabarzon-population-2020-census-population-and-housing-2020-cph | K10: https://psa.gov.ph/system/files/phcd/2024%20POPCEN%20Press%20Release_Region%20IV-A_ONS-signed.pdf
A11: MIMAROPA | B11: MIMAROPA Region | C11: Luzon | D11: 2299229 | E11: 2744671 | F11: 2963360 | G11: 3228558 | H11: 3245446 | I11: 2020 count as published; 2000/2010/2015 = 2020 count minus the exact increases stated in the PSA text (see Verification sheet). | J11: https://psa.gov.ph/statistics/population-and-housing/node/165014 | K11: https://psa.gov.ph/statistics/population-and-housing/index
A12: V | B12: Region V – Bicol | C12: Luzon | D12: 4686669 | E12: 5420411 | F12: 5796989 | G12: 6082165 | H12: 6064426 | I12: 2020 count as published; 2000/2010/2015 = 2020 count minus the exact increases stated in the PSA text (see Verification sheet). | J12: https://psa.gov.ph/content/highlights-region-v-bicol-region-population-2020-census-population-and-housing-2020-cph | K12: https://psa.gov.ph/content/highlights-region-v-bicol-region-population-2024-census-population-2024-popcen
A13: VI | B13: Region VI – Western Visayas | C13: Visayas | D13: 6211038 | E13: 7102438 | F13: 7536383 | G13: 7954723 | H13: 4861911 | I13: Exact counts from Table 1 of the PSA press release (PDF). 2000–2020 figures INCLUDE Negros Occidental & Bacolod (2020 boundaries). 2024 figure EXCLUDES them (now in NIR). | J13: https://psa.gov.ph/system/files/phcd/2022-12/9_Press%2520Release_2020%2520CPH_RSSO%2520VI_signed.pdf | K13: https://psa.gov.ph/content/highlights-negros-island-region-nir-population-2024-census-population-2024-popcen
A14: NIR | B14: Negros Island Region | C14: Visayas | H14: 4904944 | I14: Re-created by RA 12000 (June 2024). No separate 2000–2020 value here: its areas are counted inside Regions VI and VII for those years. | J14: n/a (region did not exist as a separate unit in these censuses) | K14: https://psa.gov.ph/content/highlights-negros-island-region-nir-population-2024-census-population-2024-popcen
A15: VII | B15: Region VII – Central Visayas | C15: Visayas | D15: 5706953 | E15: 6800180 | F15: 7396898 | G15: 8081988 | H15: 6640875 | I15: Exact counts from Table 1 of the PSA press release (PDF). 2000–2020 figures INCLUDE Negros Oriental & Siquijor (2020 boundaries). 2024 figure EXCLUDES them (now in NIR). | J15: https://psa.gov.ph/system/files/phcd/2022-12/10_Press%2520Release_2020%2520CPH_RSSO%2520VII_signed.pdf | K15: https://psa.gov.ph/content/highlights-region-vii-central-visayas-population-2024-census-population-2024-popcen
A16: VIII | B16: Region VIII – Eastern Visayas | C16: Visayas | D16: 3610355 | E16: 4101322 | F16: 4440150 | G16: 4547150 | H16: 4625929 | I16: 2020 count as published; 2000/2010/2015 = 2020 count minus the exact increases stated in the PSA text (see Verification sheet). | J16: https://psa.gov.ph/content/highlights-region-viii-eastern-visayas-population-2020-census-population-and-housing-2020 | K16: https://psa.gov.ph/content/highlights-region-viii-eastern-visayas-population-2024-census-population-2024-popcen
A17: IX | B17: Region IX – Zamboanga Peninsula | C17: Mindanao | D17: 2831412 | E17: 3407353 | F17: 3629783 | G17: 3875576 | H17: 3943837 | I17: 2020 count as published; 2000/2010/2015 = 2020 count minus the exact increases stated in the PSA text (see Verification sheet). | J17: https://psa.gov.ph/content/highlights-region-ix-zamboanga-peninsula-population-2020-census-population-and-housing-2020 | K17: https://psa.gov.ph/content/highlights-region-ix-zamboanga-peninsula-population-2024-census-population-2024-popcen
A18: X | B18: Region X – Northern Mindanao | C18: Mindanao | D18: 3505708 | E18: 4297323 | F18: 4689302 | G18: 5022768 | H18: 5178326 | I18: 2020 count as published; 2000/2010/2015 = 2020 count minus the exact increases stated in the PSA text (see Verification sheet). | J18: https://psa.gov.ph/content/highlights-region-x-northern-mindanao-population-2020-census-population-and-housing-2020 | K18: https://psa.gov.ph/statistics/population-and-housing/index
A19: XI | B19: Region XI – Davao | C19: Mindanao | D19: 3676163 | E19: 4468563 | F19: 4893318 | G19: 5243536 | H19: 5389422 | I19: 2020 count as published; 2000/2010/2015 = 2020 count minus the exact increases stated in the PSA text (see Verification sheet). | J19: https://psa.gov.ph/content/highlights-region-xi-davao-region-population-2020-census-population-and-housing-2020-cph | K19: https://psa.gov.ph/statistics/population-and-housing/index
A20: XII | B20: Region XII – SOCCSKSARGEN | C20: Mindanao | D20: 3222169 | E20: 4109571 | F20: 4545276 | G20: 4901486 | H20: 4462776 | I20: 2020 count as published; 2000/2010/2015 = 2020 count minus the exact increases stated in the PSA text (see Verification sheet). 2000–2020 include Cotabato City (and the 63 barangays now forming BARMM's Special Geographic Area); the 2024 figure excludes them (now in BARMM). | J20: https://psa.gov.ph/content/highlights-region-xii-soccsksargen-population-2020-census-population-and-housing-2020-cph | K20: https://psa.gov.ph/content/highlights-region-xii-soccsksargen-population-2024-census-population-2024-popcen
A21: XIII | B21: Region XIII – Caraga | C21: Mindanao | D21: 2095367 | E21: 2429224 | F21: 2596709 | G21: 2804788 | H21: 2865196 | I21: 2020 count as published; 2000/2010/2015 = 2020 count minus the exact increases stated in the PSA text (see Verification sheet). | J21: https://psa.gov.ph/content/highlights-region-xiii-caraga-population-2020-census-population-and-housing-2020-cph | K21: https://psa.gov.ph/statistics/population-and-housing/index
A22: BARMM | B22: Bangsamoro Autonomous Region in Muslim Mindanao | C22: Mindanao | D22: 2803045 | E22: 3256140 | F22: 3781387 | G22: 4404288 | H22: 5691583 | I22: Exact counts from Table 1 of the PSA press release (PDF). 2024 figure includes Cotabato City and the Special Geographic Area. | J22: https://psa.gov.ph/system/files/phcd/2022-12/17_Press%2520Release_2020-CPH_RSSO_BARMM_signed.pdf | K22: https://psa.gov.ph/statistics/population-and-housing/index
B23: Sum of regions | D23: =SUM(D5:D22) -> 76485088 | E23: =SUM(E5:E22) -> 92335113 | F23: =SUM(F5:F22) -> 100979303 | G23: =SUM(G5:G22) -> 109033245 | H23: =SUM(H5:H22) -> 112727776
A25: Notes
A26: • 2000–2020 values are on the 2020 administrative boundaries used in PSA's 2020 CPH regional releases (17 regions). 2024 values are on 2024 boundaries (18 regions, with NIR).
A27: • Boundary changes between 2020 and 2024 (NIR creation; Cotabato City/SGA to BARMM) move people only WITHIN the Visayas or WITHIN Mindanao, so island-group totals remain comparable across all years.
A28: • Island-group assignment is by whole region: Palawan, Mindoro, Marinduque, Romblon (MIMAROPA) and Masbate (Region V) are counted in Luzon; Sulu, Tawi-Tawi and Basilan in Mindanao.

Sheet Verification
A1: Verification of derived regional values
A2: Most PSA 2020 regional highlight pages state the 2020 count and the EXACT increase versus 2015, 2010 and 2000 in the text (the tables themselves are images). Earlier-year counts were derived as 2020 count minus the stated increase. This sheet reproduces that arithmetic.
A4: Code | B4: 2020 count (PSA) | C4: Stated increase vs 2015 | D4: Stated increase vs 2010 | E4: Stated increase vs 2000 | F4: Derived 2015 | G4: Derived 2010 | H4: Derived 2000 | I4: Matches Regional_Census?
A5: NCR | B5: =Regional_Census!G5 -> 13484462 | C5: 607209 | D5: 1628487 | E5: 3551902 | F5: =B5-C5 -> 12877253 | G5: =B5-D5 -> 11855975 | H5: =B5-E5 -> 9932560 | I5: =IF(AND(F5=Regional_Census!F5,G5=Regional_Census!E5,H5=Regional_Census!D5),"OK","CHECK") -> OK
A6: CAR | B6: =Regional_Census!G6 -> 1797660 | C6: 75654 | D6: 180793 | E6: 432248 | F6: =B6-C6 -> 1722006 | G6: =B6-D6 -> 1616867 | H6: =B6-E6 -> 1365412 | I6: =IF(AND(F6=Regional_Census!F6,G6=Regional_Census!E6,H6=Regional_Census!D6),"OK","CHECK") -> OK
A7: I | B7: =Regional_Census!G7 -> 5301139 | C7: 275011 | D7: 552767 | E7: 1100661 | F7: =B7-C7 -> 5026128 | G7: =B7-D7 -> 4748372 | H7: =B7-E7 -> 4200478 | I7: =IF(AND(F7=Regional_Census!F7,G7=Regional_Census!E7,H7=Regional_Census!D7),"OK","CHECK") -> OK
A8: II | B8: =Regional_Census!G8 -> 3685744 | C8: 234334 | D8: 456581 | E8: 872585 | F8: =B8-C8 -> 3451410 | G8: =B8-D8 -> 3229163 | H8: =B8-E8 -> 2813159 | I8: =IF(AND(F8=Regional_Census!F8,G8=Regional_Census!E8,H8=Regional_Census!D8),"OK","CHECK") -> OK
A9: III | B9: =Regional_Census!G9 -> 12422172 | C9: 1203995 | D9: 2284435 | E9: 4217430 | F9: =B9-C9 -> 11218177 | G9: =B9-D9 -> 10137737 | H9: =B9-E9 -> 8204742 | I9: =IF(AND(F9=Regional_Census!F9,G9=Regional_Census!E9,H9=Regional_Census!D9),"OK","CHECK") -> OK
A10: IV-A | B10: =Regional_Census!G10 -> 16195042 | C10: 1780268 | D10: 3585239 | E10: 6874413 | F10: =B10-C10 -> 14414774 | G10: =B10-D10 -> 12609803 | H10: =B10-E10 -> 9320629 | I10: =IF(AND(F10=Regional_Census!F10,G10=Regional_Census!E10,H10=Regional_Census!D10),"OK","CHECK") -> OK
A11: MIMAROPA | B11: =Regional_Census!G11 -> 3228558 | C11: 265198 | D11: 483887 | E11: 929329 | F11: =B11-C11 -> 2963360 | G11: =B11-D11 -> 2744671 | H11: =B11-E11 -> 2299229 | I11: =IF(AND(F11=Regional_Census!F11,G11=Regional_Census!E11,H11=Regional_Census!D11),"OK","CHECK") -> OK
A12: V | B12: =Regional_Census!G12 -> 6082165 | C12: 285176 | D12: 661754 | E12: 1395496 | F12: =B12-C12 -> 5796989 | G12: =B12-D12 -> 5420411 | H12: =B12-E12 -> 4686669 | I12: =IF(AND(F12=Regional_Census!F12,G12=Regional_Census!E12,H12=Regional_Census!D12),"OK","CHECK") -> OK
A13: VIII | B13: =Regional_Census!G16 -> 4547150 | C13: 107000 | D13: 445828 | E13: 936795 | F13: =B13-C13 -> 4440150 | G13: =B13-D13 -> 4101322 | H13: =B13-E13 -> 3610355 | I13: =IF(AND(F13=Regional_Census!F16,G13=Regional_Census!E16,H13=Regional_Census!D16),"OK","CHECK") -> OK
A14: IX | B14: =Regional_Census!G17 -> 3875576 | C14: 245793 | D14: 468223 | E14: 1044164 | F14: =B14-C14 -> 3629783 | G14: =B14-D14 -> 3407353 | H14: =B14-E14 -> 2831412 | I14: =IF(AND(F14=Regional_Census!F17,G14=Regional_Census!E17,H14=Regional_Census!D17),"OK","CHECK") -> OK
A15: X | B15: =Regional_Census!G18 -> 5022768 | C15: 333466 | D15: 725445 | E15: 1517060 | F15: =B15-C15 -> 4689302 | G15: =B15-D15 -> 4297323 | H15: =B15-E15 -> 3505708 | I15: =IF(AND(F15=Regional_Census!F18,G15=Regional_Census!E18,H15=Regional_Census!D18),"OK","CHECK") -> OK
A16: XI | B16: =Regional_Census!G19 -> 5243536 | C16: 350218 | D16: 774973 | E16: 1567373 | F16: =B16-C16 -> 4893318 | G16: =B16-D16 -> 4468563 | H16: =B16-E16 -> 3676163 | I16: =IF(AND(F16=Regional_Census!F19,G16=Regional_Census!E19,H16=Regional_Census!D19),"OK","CHECK") -> OK
A17: XII | B17: =Regional_Census!G20 -> 4901486 | C17: 356210 | D17: 791915 | E17: 1679317 | F17: =B17-C17 -> 4545276 | G17: =B17-D17 -> 4109571 | H17: =B17-E17 -> 3222169 | I17: =IF(AND(F17=Regional_Census!F20,G17=Regional_Census!E20,H17=Regional_Census!D20),"OK","CHECK") -> OK
A18: XIII | B18: =Regional_Census!G21 -> 2804788 | C18: 208079 | D18: 375564 | E18: 709421 | F18: =B18-C18 -> 2596709 | G18: =B18-D18 -> 2429224 | H18: =B18-E18 -> 2095367 | I18: =IF(AND(F18=Regional_Census!F21,G18=Regional_Census!E21,H18=Regional_Census!D21),"OK","CHECK") -> OK
A19: Regions VI, VII, IV-A and BARMM: exact values were read directly from the PSA Table 1 text (PDF / RSSO page), so no derivation was needed.
A21: Independent cross-check using the 2024 POPCEN regional releases (regions with unchanged boundaries)
A22: Code | B22: 2024 count (PSA) | C22: Stated change vs 2020 | D22: Stated change vs 2015 | E22: Stated change vs 2010 | F22: Implied 2020 | G22: Implied 2015 | H22: Implied 2010 | I22: Matches 2020 CPH values?
A23: I | B23: =Regional_Census!H7 -> 5342453 | C23: 41314 | D23: 316325 | E23: 594081 | F23: =B23-C23 -> 5301139 | G23: =B23-D23 -> 5026128 | H23: =B23-E23 -> 4748372 | I23: =IF(AND(F23=Regional_Census!G7,G23=Regional_Census!F7,H23=Regional_Census!E7),"OK","CHECK") -> OK
A24: II | B24: =Regional_Census!H8 -> 3777608 | C24: 91864 | D24: 326198 | E24: 548445 | F24: =B24-C24 -> 3685744 | G24: =B24-D24 -> 3451410 | H24: =B24-E24 -> 3229163 | I24: =IF(AND(F24=Regional_Census!G8,G24=Regional_Census!F8,H24=Regional_Census!E8),"OK","CHECK") -> OK
A25: V | B25: =Regional_Census!H12 -> 6064426 | C25: -17739 | D25: 267437 | E25: 644015 | F25: =B25-C25 -> 6082165 | G25: =B25-D25 -> 5796989 | H25: =B25-E25 -> 5420411 | I25: =IF(AND(F25=Regional_Census!G12,G25=Regional_Census!F12,H25=Regional_Census!E12),"OK","CHECK") -> OK
A26: VIII | B26: =Regional_Census!H16 -> 4625929 | C26: 78779 | D26: 185779 | E26: 524607 | F26: =B26-C26 -> 4547150 | G26: =B26-D26 -> 4440150 | H26: =B26-E26 -> 4101322 | I26: =IF(AND(F26=Regional_Census!G16,G26=Regional_Census!F16,H26=Regional_Census!E16),"OK","CHECK") -> OK
A27: Region V's 2024 population is LOWER than 2020 (PSA: 'lower by 17,739'), hence the negative change.
A28: Region IV-A: the 2024 press release PDF Table 1 lists 2010 = 12,609,803; 2015 = 14,414,774; 2020 = 16,195,042, identical to the 2020 CPH values.

Sheet Annual_Interpolated_DERIVED
A1: DERIVED ESTIMATES – NOT OFFICIAL PSA STATISTICS
A2: PSA publishes population counts only for census years. For modelling convenience, this sheet estimates mid-year (1 July) population for every year by geometric (constant-growth) interpolation between the two census dates that bracket each year. The census anchors come from the Island_Group_Summary sheet. Delete this sheet if you want to use only published figures.
A3: Formula: P(d) = P0 × (P1/P0)^((d − d0)/(d1 − d0)), where d0/d1 are the bracketing census reference dates.
A5: Year | B5: Estimate date | C5: Census interval index | D5: Luzon | E5: Visayas | F5: Mindanao | G5: Total
A6: 2000 | B6: =DATE(2000,7,1) -> 36708 | C6: =MATCH(B6,Island_Group_Summary!$B$5:$F$5,1) -> 1 | D6: =IF(C6=5,INDEX(Island_Group_Summary!$B$7:$F$7,5),INDEX(Island_Group_Summary!$B$7:$F$7,C6)*(INDEX(Island_Group_Summary!$B$7:$F$7,C6+1)/INDEX(Island_Group_Summary!$B$7:$F$7,C6))^((B6-INDEX(Island_Group_Summary!$B$5:$F$5,C6))/(INDEX(Island_Group_Summary!$B$5:$F$5,C6+1)-INDEX(Island_Group_Summary!$B$5:$F$5,C6)))) -> 42966982 | E6: =IF(C6=5,INDEX(Island_Group_Summary!$B$8:$F$8,5),INDEX(Island_Group_Summary!$B$8:$F$8,C6)*(INDEX(Island_Group_Summary!$B$8:$F$8,C6+1)/INDEX(Island_Group_Summary!$B$8:$F$8,C6))^((B6-INDEX(Island_Group_Summary!$B$5:$F$5,C6))/(INDEX(Island_Group_Summary!$B$5:$F$5,C6+1)-INDEX(Island_Group_Summary!$B$5:$F$5,C6)))) -> 15566761 | F6: =IF(C6=5,INDEX(Island_Group_Summary!$B$9:$F$9,5),INDEX(Island_Group_Summary!$B$9:$F$9,C6)*(INDEX(Island_Group_Summary!$B$9:$F$9,C6+1)/INDEX(Island_Group_Summary!$B$9:$F$9,C6))^((B6-INDEX(Island_Group_Summary!$B$5:$F$5,C6))/(INDEX(Island_Group_Summary!$B$5:$F$5,C6+1)-INDEX(Island_Group_Summary!$B$5:$F$5,C6)))) -> 18192056 | G6: =SUM(D6:F6) -> 76725799
A7: 2001 | B7: =DATE(2001,7,1) -> 37073 | C7: =MATCH(B7,Island_Group_Summary!$B$5:$F$5,1) -> 1 | D7: =IF(C7=5,INDEX(Island_Group_Summary!$B$7:$F$7,5),INDEX(Island_Group_Summary!$B$7:$F$7,C7)*(INDEX(Island_Group_Summary!$B$7:$F$7,C7+1)/INDEX(Island_Group_Summary!$B$7:$F$7,C7))^((B7-INDEX(Island_Group_Summary!$B$5:$F$5,C7))/(INDEX(Island_Group_Summary!$B$5:$F$5,C7+1)-INDEX(Island_Group_Summary!$B$5:$F$5,C7)))) -> 43839434 | E7: =IF(C7=5,INDEX(Island_Group_Summary!$B$8:$F$8,5),INDEX(Island_Group_Summary!$B$8:$F$8,C7)*(INDEX(Island_Group_Summary!$B$8:$F$8,C7+1)/INDEX(Island_Group_Summary!$B$8:$F$8,C7))^((B7-INDEX(Island_Group_Summary!$B$5:$F$5,C7))/(INDEX(Island_Group_Summary!$B$5:$F$5,C7+1)-INDEX(Island_Group_Summary!$B$5:$F$5,C7)))) -> 15798613 | F7: =IF(C7=5,INDEX(Island_Group_Summary!$B$9:$F$9,5),INDEX(Island_Group_Summary!$B$9:$F$9,C7)*(INDEX(Island_Group_Summary!$B$9:$F$9,C7+1)/INDEX(Island_Group_Summary!$B$9:$F$9,C7))^((B7-INDEX(Island_Group_Summary!$B$5:$F$5,C7))/(INDEX(Island_Group_Summary!$B$5:$F$5,C7+1)-INDEX(Island_Group_Summary!$B$5:$F$5,C7)))) -> 18544178 | G7: =SUM(D7:F7) -> 78182225
A8: 2002 | B8: =DATE(2002,7,1) -> 37438 | C8: =MATCH(B8,Island_Group_Summary!$B$5:$F$5,1) -> 1 | D8: =IF(C8=5,INDEX(Island_Group_Summary!$B$7:$F$7,5),INDEX(Island_Group_Summary!$B$7:$F$7,C8)*(INDEX(Island_Group_Summary!$B$7:$F$7,C8+1)/INDEX(Island_Group_Summary!$B$7:$F$7,C8))^((B8-INDEX(Island_Group_Summary!$B$5:$F$5,C8))/(INDEX(Island_Group_Summary!$B$5:$F$5,C8+1)-INDEX(Island_Group_Summary!$B$5:$F$5,C8)))) -> 44729600 | E8: =IF(C8=5,INDEX(Island_Group_Summary!$B$8:$F$8,5),INDEX(Island_Group_Summary!$B$8:$F$8,C8)*(INDEX(Island_Group_Summary!$B$8:$F$8,C8+1)/INDEX(Island_Group_Summary!$B$8:$F$8,C8))^((B8-INDEX(Island_Group_Summary!$B$5:$F$5,C8))/(INDEX(Island_Group_Summary!$B$5:$F$5,C8+1)-INDEX(Island_Group_Summary!$B$5:$F$5,C8)))) -> 16033919 | F8: =IF(C8=5,INDEX(Island_Group_Summary!$B$9:$F$9,5),INDEX(Island_Group_Summary!$B$9:$F$9,C8)*(INDEX(Island_Group_Summary!$B$9:$F$9,C8+1)/INDEX(Island_Group_Summary!$B$9:$F$9,C8))^((B8-INDEX(Island_Group_Summary!$B$5:$F$5,C8))/(INDEX(Island_Group_Summary!$B$5:$F$5,C8+1)-INDEX(Island_Group_Summary!$B$5:$F$5,C8)))) -> 18903115 | G8: =SUM(D8:F8) -> 79666635
A9: 2003 | B9: =DATE(2003,7,1) -> 37803 | C9: =MATCH(B9,Island_Group_Summary!$B$5:$F$5,1) -> 1 | D9: =IF(C9=5,INDEX(Island_Group_Summary!$B$7:$F$7,5),INDEX(Island_Group_Summary!$B$7:$F$7,C9)*(INDEX(Island_Group_Summary!$B$7:$F$7,C9+1)/INDEX(Island_Group_Summary!$B$7:$F$7,C9))^((B9-INDEX(Island_Group_Summary!$B$5:$F$5,C9))/(INDEX(Island_Group_Summary!$B$5:$F$5,C9+1)-INDEX(Island_Group_Summary!$B$5:$F$5,C9)))) -> 45637842 | E9: =IF(C9=5,INDEX(Island_Group_Summary!$B$8:$F$8,5),INDEX(Island_Group_Summary!$B$8:$F$8,C9)*(INDEX(Island_Group_Summary!$B$8:$F$8,C9+1)/INDEX(Island_Group_Summary!$B$8:$F$8,C9))^((B9-INDEX(Island_Group_Summary!$B$5:$F$5,C9))/(INDEX(Island_Group_Summary!$B$5:$F$5,C9+1)-INDEX(Island_Group_Summary!$B$5:$F$5,C9)))) -> 16272729 | F9: =IF(C9=5,INDEX(Island_Group_Summary!$B$9:$F$9,5),INDEX(Island_Group_Summary!$B$9:$F$9,C9)*(INDEX(Island_Group_Summary!$B$9:$F$9,C9+1)/INDEX(Island_Group_Summary!$B$9:$F$9,C9))^((B9-INDEX(Island_Group_Summary!$B$5:$F$5,C9))/(INDEX(Island_Group_Summary!$B$5:$F$5,C9+1)-INDEX(Island_Group_Summary!$B$5:$F$5,C9)))) -> 19269000 | G9: =SUM(D9:F9) -> 81179572
A10: 2004 | B10: =DATE(2004,7,1) -> 38169 | C10: =MATCH(B10,Island_Group_Summary!$B$5:$F$5,1) -> 1 | D10: =IF(C10=5,INDEX(Island_Group_Summary!$B$7:$F$7,5),INDEX(Island_Group_Summary!$B$7:$F$7,C10)*(INDEX(Island_Group_Summary!$B$7:$F$7,C10+1)/INDEX(Island_Group_Summary!$B$7:$F$7,C10))^((B10-INDEX(Island_Group_Summary!$B$5:$F$5,C10))/(INDEX(Island_Group_Summary!$B$5:$F$5,C10+1)-INDEX(Island_Group_Summary!$B$5:$F$5,C10)))) -> 46567090 | E10: =IF(C10=5,INDEX(Island_Group_Summary!$B$8:$F$8,5),INDEX(Island_Group_Summary!$B$8:$F$8,C10)*(INDEX(Island_Group_Summary!$B$8:$F$8,C10+1)/INDEX(Island_Group_Summary!$B$8:$F$8,C10))^((B10-INDEX(Island_Group_Summary!$B$5:$F$5,C10))/(INDEX(Island_Group_Summary!$B$5:$F$5,C10+1)-INDEX(Island_Group_Summary!$B$5:$F$5,C10)))) -> 16515766 | F10: =IF(C10=5,INDEX(Island_Group_Summary!$B$9:$F$9,5),INDEX(Island_Group_Summary!$B$9:$F$9,C10)*(INDEX(Island_Group_Summary!$B$9:$F$9,C10+1)/INDEX(Island_Group_Summary!$B$9:$F$9,C10))^((B10-INDEX(Island_Group_Summary!$B$5:$F$5,C10))/(INDEX(Island_Group_Summary!$B$5:$F$5,C10+1)-INDEX(Island_Group_Summary!$B$5:$F$5,C10)))) -> 19642999 | G10: =SUM(D10:F10) -> 82725855
A11: 2005 | B11: =DATE(2005,7,1) -> 38534 | C11: =MATCH(B11,Island_Group_Summary!$B$5:$F$5,1) -> 1 | D11: =IF(C11=5,INDEX(Island_Group_Summary!$B$7:$F$7,5),INDEX(Island_Group_Summary!$B$7:$F$7,C11)*(INDEX(Island_Group_Summary!$B$7:$F$7,C11+1)/INDEX(Island_Group_Summary!$B$7:$F$7,C11))^((B11-INDEX(Island_Group_Summary!$B$5:$F$5,C11))/(INDEX(Island_Group_Summary!$B$5:$F$5,C11+1)-INDEX(Island_Group_Summary!$B$5:$F$5,C11)))) -> 47512642 | E11: =IF(C11=5,INDEX(Island_Group_Summary!$B$8:$F$8,5),INDEX(Island_Group_Summary!$B$8:$F$8,C11)*(INDEX(Island_Group_Summary!$B$8:$F$8,C11+1)/INDEX(Island_Group_Summary!$B$8:$F$8,C11))^((B11-INDEX(Island_Group_Summary!$B$5:$F$5,C11))/(INDEX(Island_Group_Summary!$B$5:$F$5,C11+1)-INDEX(Island_Group_Summary!$B$5:$F$5,C11)))) -> 16761753 | F11: =IF(C11=5,INDEX(Island_Group_Summary!$B$9:$F$9,5),INDEX(Island_Group_Summary!$B$9:$F$9,C11)*(INDEX(Island_Group_Summary!$B$9:$F$9,C11+1)/INDEX(Island_Group_Summary!$B$9:$F$9,C11))^((B11-INDEX(Island_Group_Summary!$B$5:$F$5,C11))/(INDEX(Island_Group_Summary!$B$5:$F$5,C11+1)-INDEX(Island_Group_Summary!$B$5:$F$5,C11)))) -> 20023205 | G11: =SUM(D11:F11) -> 84297600
A12: 2006 | B12: =DATE(2006,7,1) -> 38899 | C12: =MATCH(B12,Island_Group_Summary!$B$5:$F$5,1) -> 1 | D12: =IF(C12=5,INDEX(Island_Group_Summary!$B$7:$F$7,5),INDEX(Island_Group_Summary!$B$7:$F$7,C12)*(INDEX(Island_Group_Summary!$B$7:$F$7,C12+1)/INDEX(Island_Group_Summary!$B$7:$F$7,C12))^((B12-INDEX(Island_Group_Summary!$B$5:$F$5,C12))/(INDEX(Island_Group_Summary!$B$5:$F$5,C12+1)-INDEX(Island_Group_Summary!$B$5:$F$5,C12)))) -> 48477394 | E12: =IF(C12=5,INDEX(Island_Group_Summary!$B$8:$F$8,5),INDEX(Island_Group_Summary!$B$8:$F$8,C12)*(INDEX(Island_Group_Summary!$B$8:$F$8,C12+1)/INDEX(Island_Group_Summary!$B$8:$F$8,C12))^((B12-INDEX(Island_Group_Summary!$B$5:$F$5,C12))/(INDEX(Island_Group_Summary!$B$5:$F$5,C12+1)-INDEX(Island_Group_Summary!$B$5:$F$5,C12)))) -> 17011404 | F12: =IF(C12=5,INDEX(Island_Group_Summary!$B$9:$F$9,5),INDEX(Island_Group_Summary!$B$9:$F$9,C12)*(INDEX(Island_Group_Summary!$B$9:$F$9,C12+1)/INDEX(Island_Group_Summary!$B$9:$F$9,C12))^((B12-INDEX(Island_Group_Summary!$B$5:$F$5,C12))/(INDEX(Island_Group_Summary!$B$5:$F$5,C12+1)-INDEX(Island_Group_Summary!$B$5:$F$5,C12)))) -> 20410770 | G12: =SUM(D12:F12) -> 85899567
A13: 2007 | B13: =DATE(2007,7,1) -> 39264 | C13: =MATCH(B13,Island_Group_Summary!$B$5:$F$5,1) -> 1 | D13: =IF(C13=5,INDEX(Island_Group_Summary!$B$7:$F$7,5),INDEX(Island_Group_Summary!$B$7:$F$7,C13)*(INDEX(Island_Group_Summary!$B$7:$F$7,C13+1)/INDEX(Island_Group_Summary!$B$7:$F$7,C13))^((B13-INDEX(Island_Group_Summary!$B$5:$F$5,C13))/(INDEX(Island_Group_Summary!$B$5:$F$5,C13+1)-INDEX(Island_Group_Summary!$B$5:$F$5,C13)))) -> 49461735 | E13: =IF(C13=5,INDEX(Island_Group_Summary!$B$8:$F$8,5),INDEX(Island_Group_Summary!$B$8:$F$8,C13)*(INDEX(Island_Group_Summary!$B$8:$F$8,C13+1)/INDEX(Island_Group_Summary!$B$8:$F$8,C13))^((B13-INDEX(Island_Group_Summary!$B$5:$F$5,C13))/(INDEX(Island_Group_Summary!$B$5:$F$5,C13+1)-INDEX(Island_Group_Summary!$B$5:$F$5,C13)))) -> 17264773 | F13: =IF(C13=5,INDEX(Island_Group_Summary!$B$9:$F$9,5),INDEX(Island_Group_Summary!$B$9:$F$9,C13)*(INDEX(Island_Group_Summary!$B$9:$F$9,C13+1)/INDEX(Island_Group_Summary!$B$9:$F$9,C13))^((B13-INDEX(Island_Group_Summary!$B$5:$F$5,C13))/(INDEX(Island_Group_Summary!$B$5:$F$5,C13+1)-INDEX(Island_Group_Summary!$B$5:$F$5,C13)))) -> 20805837 | G13: =SUM(D13:F13) -> 87532345
A14: 2008 | B14: =DATE(2008,7,1) -> 39630 | C14: =MATCH(B14,Island_Group_Summary!$B$5:$F$5,1) -> 1 | D14: =IF(C14=5,INDEX(Island_Group_Summary!$B$7:$F$7,5),INDEX(Island_Group_Summary!$B$7:$F$7,C14)*(INDEX(Island_Group_Summary!$B$7:$F$7,C14+1)/INDEX(Island_Group_Summary!$B$7:$F$7,C14))^((B14-INDEX(Island_Group_Summary!$B$5:$F$5,C14))/(INDEX(Island_Group_Summary!$B$5:$F$5,C14+1)-INDEX(Island_Group_Summary!$B$5:$F$5,C14)))) -> 50468843 | E14: =IF(C14=5,INDEX(Island_Group_Summary!$B$8:$F$8,5),INDEX(Island_Group_Summary!$B$8:$F$8,C14)*(INDEX(Island_Group_Summary!$B$8:$F$8,C14+1)/INDEX(Island_Group_Summary!$B$8:$F$8,C14))^((B14-INDEX(Island_Group_Summary!$B$5:$F$5,C14))/(INDEX(Island_Group_Summary!$B$5:$F$5,C14+1)-INDEX(Island_Group_Summary!$B$5:$F$5,C14)))) -> 17522625 | F14: =IF(C14=5,INDEX(Island_Group_Summary!$B$9:$F$9,5),INDEX(Island_Group_Summary!$B$9:$F$9,C14)*(INDEX(Island_Group_Summary!$B$9:$F$9,C14+1)/INDEX(Island_Group_Summary!$B$9:$F$9,C14))^((B14-INDEX(Island_Group_Summary!$B$5:$F$5,C14))/(INDEX(Island_Group_Summary!$B$5:$F$5,C14+1)-INDEX(Island_Group_Summary!$B$5:$F$5,C14)))) -> 21209664 | G14: =SUM(D14:F14) -> 89201133
A15: 2009 | B15: =DATE(2009,7,1) -> 39995 | C15: =MATCH(B15,Island_Group_Summary!$B$5:$F$5,1) -> 1 | D15: =IF(C15=5,INDEX(Island_Group_Summary!$B$7:$F$7,5),INDEX(Island_Group_Summary!$B$7:$F$7,C15)*(INDEX(Island_Group_Summary!$B$7:$F$7,C15+1)/INDEX(Island_Group_Summary!$B$7:$F$7,C15))^((B15-INDEX(Island_Group_Summary!$B$5:$F$5,C15))/(INDEX(Island_Group_Summary!$B$5:$F$5,C15+1)-INDEX(Island_Group_Summary!$B$5:$F$5,C15)))) -> 51493621 | E15: =IF(C15=5,INDEX(Island_Group_Summary!$B$8:$F$8,5),INDEX(Island_Group_Summary!$B$8:$F$8,C15)*(INDEX(Island_Group_Summary!$B$8:$F$8,C15+1)/INDEX(Island_Group_Summary!$B$8:$F$8,C15))^((B15-INDEX(Island_Group_Summary!$B$5:$F$5,C15))/(INDEX(Island_Group_Summary!$B$5:$F$5,C15+1)-INDEX(Island_Group_Summary!$B$5:$F$5,C15)))) -> 17783609 | F15: =IF(C15=5,INDEX(Island_Group_Summary!$B$9:$F$9,5),INDEX(Island_Group_Summary!$B$9:$F$9,C15)*(INDEX(Island_Group_Summary!$B$9:$F$9,C15+1)/INDEX(Island_Group_Summary!$B$9:$F$9,C15))^((B15-INDEX(Island_Group_Summary!$B$5:$F$5,C15))/(INDEX(Island_Group_Summary!$B$5:$F$5,C15+1)-INDEX(Island_Group_Summary!$B$5:$F$5,C15)))) -> 21620194 | G15: =SUM(D15:F15) -> 90897424
A16: 2010 | B16: =DATE(2010,7,1) -> 40360 | C16: =MATCH(B16,Island_Group_Summary!$B$5:$F$5,1) -> 2 | D16: =IF(C16=5,INDEX(Island_Group_Summary!$B$7:$F$7,5),INDEX(Island_Group_Summary!$B$7:$F$7,C16)*(INDEX(Island_Group_Summary!$B$7:$F$7,C16+1)/INDEX(Island_Group_Summary!$B$7:$F$7,C16))^((B16-INDEX(Island_Group_Summary!$B$5:$F$5,C16))/(INDEX(Island_Group_Summary!$B$5:$F$5,C16+1)-INDEX(Island_Group_Summary!$B$5:$F$5,C16)))) -> 52518214 | E16: =IF(C16=5,INDEX(Island_Group_Summary!$B$8:$F$8,5),INDEX(Island_Group_Summary!$B$8:$F$8,C16)*(INDEX(Island_Group_Summary!$B$8:$F$8,C16+1)/INDEX(Island_Group_Summary!$B$8:$F$8,C16))^((B16-INDEX(Island_Group_Summary!$B$5:$F$5,C16))/(INDEX(Island_Group_Summary!$B$5:$F$5,C16+1)-INDEX(Island_Group_Summary!$B$5:$F$5,C16)))) -> 18045967 | F16: =IF(C16=5,INDEX(Island_Group_Summary!$B$9:$F$9,5),INDEX(Island_Group_Summary!$B$9:$F$9,C16)*(INDEX(Island_Group_Summary!$B$9:$F$9,C16+1)/INDEX(Island_Group_Summary!$B$9:$F$9,C16))^((B16-INDEX(Island_Group_Summary!$B$5:$F$5,C16))/(INDEX(Island_Group_Summary!$B$5:$F$5,C16+1)-INDEX(Island_Group_Summary!$B$5:$F$5,C16)))) -> 22034018 | G16: =SUM(D16:F16) -> 92598199
A17: 2011 | B17: =DATE(2011,7,1) -> 40725 | C17: =MATCH(B17,Island_Group_Summary!$B$5:$F$5,1) -> 2 | D17: =IF(C17=5,INDEX(Island_Group_Summary!$B$7:$F$7,5),INDEX(Island_Group_Summary!$B$7:$F$7,C17)*(INDEX(Island_Group_Summary!$B$7:$F$7,C17+1)/INDEX(Island_Group_Summary!$B$7:$F$7,C17))^((B17-INDEX(Island_Group_Summary!$B$5:$F$5,C17))/(INDEX(Island_Group_Summary!$B$5:$F$5,C17+1)-INDEX(Island_Group_Summary!$B$5:$F$5,C17)))) -> 53456618 | E17: =IF(C17=5,INDEX(Island_Group_Summary!$B$8:$F$8,5),INDEX(Island_Group_Summary!$B$8:$F$8,C17)*(INDEX(Island_Group_Summary!$B$8:$F$8,C17+1)/INDEX(Island_Group_Summary!$B$8:$F$8,C17))^((B17-INDEX(Island_Group_Summary!$B$5:$F$5,C17))/(INDEX(Island_Group_Summary!$B$5:$F$5,C17+1)-INDEX(Island_Group_Summary!$B$5:$F$5,C17)))) -> 18299499 | F17: =IF(C17=5,INDEX(Island_Group_Summary!$B$9:$F$9,5),INDEX(Island_Group_Summary!$B$9:$F$9,C17)*(INDEX(Island_Group_Summary!$B$9:$F$9,C17+1)/INDEX(Island_Group_Summary!$B$9:$F$9,C17))^((B17-INDEX(Island_Group_Summary!$B$5:$F$5,C17))/(INDEX(Island_Group_Summary!$B$5:$F$5,C17+1)-INDEX(Island_Group_Summary!$B$5:$F$5,C17)))) -> 22432147 | G17: =SUM(D17:F17) -> 94188264
A18: 2012 | B18: =DATE(2012,7,1) -> 41091 | C18: =MATCH(B18,Island_Group_Summary!$B$5:$F$5,1) -> 2 | D18: =IF(C18=5,INDEX(Island_Group_Summary!$B$7:$F$7,5),INDEX(Island_Group_Summary!$B$7:$F$7,C18)*(INDEX(Island_Group_Summary!$B$7:$F$7,C18+1)/INDEX(Island_Group_Summary!$B$7:$F$7,C18))^((B18-INDEX(Island_Group_Summary!$B$5:$F$5,C18))/(INDEX(Island_Group_Summary!$B$5:$F$5,C18+1)-INDEX(Island_Group_Summary!$B$5:$F$5,C18)))) -> 54414430 | E18: =IF(C18=5,INDEX(Island_Group_Summary!$B$8:$F$8,5),INDEX(Island_Group_Summary!$B$8:$F$8,C18)*(INDEX(Island_Group_Summary!$B$8:$F$8,C18+1)/INDEX(Island_Group_Summary!$B$8:$F$8,C18))^((B18-INDEX(Island_Group_Summary!$B$5:$F$5,C18))/(INDEX(Island_Group_Summary!$B$5:$F$5,C18+1)-INDEX(Island_Group_Summary!$B$5:$F$5,C18)))) -> 18557302 | F18: =IF(C18=5,INDEX(Island_Group_Summary!$B$9:$F$9,5),INDEX(Island_Group_Summary!$B$9:$F$9,C18)*(INDEX(Island_Group_Summary!$B$9:$F$9,C18+1)/INDEX(Island_Group_Summary!$B$9:$F$9,C18))^((B18-INDEX(Island_Group_Summary!$B$5:$F$5,C18))/(INDEX(Island_Group_Summary!$B$5:$F$5,C18+1)-INDEX(Island_Group_Summary!$B$5:$F$5,C18)))) -> 22838590 | G18: =SUM(D18:F18) -> 95810322
A19: 2013 | B19: =DATE(2013,7,1) -> 41456 | C19: =MATCH(B19,Island_Group_Summary!$B$5:$F$5,1) -> 2 | D19: =IF(C19=5,INDEX(Island_Group_Summary!$B$7:$F$7,5),INDEX(Island_Group_Summary!$B$7:$F$7,C19)*(INDEX(Island_Group_Summary!$B$7:$F$7,C19+1)/INDEX(Island_Group_Summary!$B$7:$F$7,C19))^((B19-INDEX(Island_Group_Summary!$B$5:$F$5,C19))/(INDEX(Island_Group_Summary!$B$5:$F$5,C19+1)-INDEX(Island_Group_Summary!$B$5:$F$5,C19)))) -> 55386716 | E19: =IF(C19=5,INDEX(Island_Group_Summary!$B$8:$F$8,5),INDEX(Island_Group_Summary!$B$8:$F$8,C19)*(INDEX(Island_Group_Summary!$B$8:$F$8,C19+1)/INDEX(Island_Group_Summary!$B$8:$F$8,C19))^((B19-INDEX(Island_Group_Summary!$B$5:$F$5,C19))/(INDEX(Island_Group_Summary!$B$5:$F$5,C19+1)-INDEX(Island_Group_Summary!$B$5:$F$5,C19)))) -> 18818017 | F19: =IF(C19=5,INDEX(Island_Group_Summary!$B$9:$F$9,5),INDEX(Island_Group_Summary!$B$9:$F$9,C19)*(INDEX(Island_Group_Summary!$B$9:$F$9,C19+1)/INDEX(Island_Group_Summary!$B$9:$F$9,C19))^((B19-INDEX(Island_Group_Summary!$B$5:$F$5,C19))/(INDEX(Island_Group_Summary!$B$5:$F$5,C19+1)-INDEX(Island_Group_Summary!$B$5:$F$5,C19)))) -> 23251257 | G19: =SUM(D19:F19) -> 97455990
A20: 2014 | B20: =DATE(2014,7,1) -> 41821 | C20: =MATCH(B20,Island_Group_Summary!$B$5:$F$5,1) -> 2 | D20: =IF(C20=5,INDEX(Island_Group_Summary!$B$7:$F$7,5),INDEX(Island_Group_Summary!$B$7:$F$7,C20)*(INDEX(Island_Group_Summary!$B$7:$F$7,C20+1)/INDEX(Island_Group_Summary!$B$7:$F$7,C20))^((B20-INDEX(Island_Group_Summary!$B$5:$F$5,C20))/(INDEX(Island_Group_Summary!$B$5:$F$5,C20+1)-INDEX(Island_Group_Summary!$B$5:$F$5,C20)))) -> 56376375 | E20: =IF(C20=5,INDEX(Island_Group_Summary!$B$8:$F$8,5),INDEX(Island_Group_Summary!$B$8:$F$8,C20)*(INDEX(Island_Group_Summary!$B$8:$F$8,C20+1)/INDEX(Island_Group_Summary!$B$8:$F$8,C20))^((B20-INDEX(Island_Group_Summary!$B$5:$F$5,C20))/(INDEX(Island_Group_Summary!$B$5:$F$5,C20+1)-INDEX(Island_Group_Summary!$B$5:$F$5,C20)))) -> 19082396 | F20: =IF(C20=5,INDEX(Island_Group_Summary!$B$9:$F$9,5),INDEX(Island_Group_Summary!$B$9:$F$9,C20)*(INDEX(Island_Group_Summary!$B$9:$F$9,C20+1)/INDEX(Island_Group_Summary!$B$9:$F$9,C20))^((B20-INDEX(Island_Group_Summary!$B$5:$F$5,C20))/(INDEX(Island_Group_Summary!$B$5:$F$5,C20+1)-INDEX(Island_Group_Summary!$B$5:$F$5,C20)))) -> 23671380 | G20: =SUM(D20:F20) -> 99130151
A21: 2015 | B21: =DATE(2015,7,1) -> 42186 | C21: =MATCH(B21,Island_Group_Summary!$B$5:$F$5,1) -> 2 | D21: =IF(C21=5,INDEX(Island_Group_Summary!$B$7:$F$7,5),INDEX(Island_Group_Summary!$B$7:$F$7,C21)*(INDEX(Island_Group_Summary!$B$7:$F$7,C21+1)/INDEX(Island_Group_Summary!$B$7:$F$7,C21))^((B21-INDEX(Island_Group_Summary!$B$5:$F$5,C21))/(INDEX(Island_Group_Summary!$B$5:$F$5,C21+1)-INDEX(Island_Group_Summary!$B$5:$F$5,C21)))) -> 57383717 | E21: =IF(C21=5,INDEX(Island_Group_Summary!$B$8:$F$8,5),INDEX(Island_Group_Summary!$B$8:$F$8,C21)*(INDEX(Island_Group_Summary!$B$8:$F$8,C21+1)/INDEX(Island_Group_Summary!$B$8:$F$8,C21))^((B21-INDEX(Island_Group_Summary!$B$5:$F$5,C21))/(INDEX(Island_Group_Summary!$B$5:$F$5,C21+1)-INDEX(Island_Group_Summary!$B$5:$F$5,C21)))) -> 19350489 | F21: =IF(C21=5,INDEX(Island_Group_Summary!$B$9:$F$9,5),INDEX(Island_Group_Summary!$B$9:$F$9,C21)*(INDEX(Island_Group_Summary!$B$9:$F$9,C21+1)/INDEX(Island_Group_Summary!$B$9:$F$9,C21))^((B21-INDEX(Island_Group_Summary!$B$5:$F$5,C21))/(INDEX(Island_Group_Summary!$B$5:$F$5,C21+1)-INDEX(Island_Group_Summary!$B$5:$F$5,C21)))) -> 24099094 | G21: =SUM(D21:F21) -> 1.008333e+08
A22: 2016 | B22: =DATE(2016,7,1) -> 42552 | C22: =MATCH(B22,Island_Group_Summary!$B$5:$F$5,1) -> 3 | D22: =IF(C22=5,INDEX(Island_Group_Summary!$B$7:$F$7,5),INDEX(Island_Group_Summary!$B$7:$F$7,C22)*(INDEX(Island_Group_Summary!$B$7:$F$7,C22+1)/INDEX(Island_Group_Summary!$B$7:$F$7,C22))^((B22-INDEX(Island_Group_Summary!$B$5:$F$5,C22))/(INDEX(Island_Group_Summary!$B$5:$F$5,C22+1)-INDEX(Island_Group_Summary!$B$5:$F$5,C22)))) -> 58353906 | E22: =IF(C22=5,INDEX(Island_Group_Summary!$B$8:$F$8,5),INDEX(Island_Group_Summary!$B$8:$F$8,C22)*(INDEX(Island_Group_Summary!$B$8:$F$8,C22+1)/INDEX(Island_Group_Summary!$B$8:$F$8,C22))^((B22-INDEX(Island_Group_Summary!$B$5:$F$5,C22))/(INDEX(Island_Group_Summary!$B$5:$F$5,C22+1)-INDEX(Island_Group_Summary!$B$5:$F$5,C22)))) -> 19601466 | F22: =IF(C22=5,INDEX(Island_Group_Summary!$B$9:$F$9,5),INDEX(Island_Group_Summary!$B$9:$F$9,C22)*(INDEX(Island_Group_Summary!$B$9:$F$9,C22+1)/INDEX(Island_Group_Summary!$B$9:$F$9,C22))^((B22-INDEX(Island_Group_Summary!$B$5:$F$5,C22))/(INDEX(Island_Group_Summary!$B$5:$F$5,C22+1)-INDEX(Island_Group_Summary!$B$5:$F$5,C22)))) -> 24530728 | G22: =SUM(D22:F22) -> 1.024861e+08
A23: 2017 | B23: =DATE(2017,7,1) -> 42917 | C23: =MATCH(B23,Island_Group_Summary!$B$5:$F$5,1) -> 3 | D23: =IF(C23=5,INDEX(Island_Group_Summary!$B$7:$F$7,5),INDEX(Island_Group_Summary!$B$7:$F$7,C23)*(INDEX(Island_Group_Summary!$B$7:$F$7,C23+1)/INDEX(Island_Group_Summary!$B$7:$F$7,C23))^((B23-INDEX(Island_Group_Summary!$B$5:$F$5,C23))/(INDEX(Island_Group_Summary!$B$5:$F$5,C23+1)-INDEX(Island_Group_Summary!$B$5:$F$5,C23)))) -> 59332341 | E23: =IF(C23=5,INDEX(Island_Group_Summary!$B$8:$F$8,5),INDEX(Island_Group_Summary!$B$8:$F$8,C23)*(INDEX(Island_Group_Summary!$B$8:$F$8,C23+1)/INDEX(Island_Group_Summary!$B$8:$F$8,C23))^((B23-INDEX(Island_Group_Summary!$B$5:$F$5,C23))/(INDEX(Island_Group_Summary!$B$5:$F$5,C23+1)-INDEX(Island_Group_Summary!$B$5:$F$5,C23)))) -> 19852979 | F23: =IF(C23=5,INDEX(Island_Group_Summary!$B$9:$F$9,5),INDEX(Island_Group_Summary!$B$9:$F$9,C23)*(INDEX(Island_Group_Summary!$B$9:$F$9,C23+1)/INDEX(Island_Group_Summary!$B$9:$F$9,C23))^((B23-INDEX(Island_Group_Summary!$B$5:$F$5,C23))/(INDEX(Island_Group_Summary!$B$5:$F$5,C23+1)-INDEX(Island_Group_Summary!$B$5:$F$5,C23)))) -> 24968410 | G23: =SUM(D23:F23) -> 1.0415373e+08
A24: 2018 | B24: =DATE(2018,7,1) -> 43282 | C24: =MATCH(B24,Island_Group_Summary!$B$5:$F$5,1) -> 3 | D24: =IF(C24=5,INDEX(Island_Group_Summary!$B$7:$F$7,5),INDEX(Island_Group_Summary!$B$7:$F$7,C24)*(INDEX(Island_Group_Summary!$B$7:$F$7,C24+1)/INDEX(Island_Group_Summary!$B$7:$F$7,C24))^((B24-INDEX(Island_Group_Summary!$B$5:$F$5,C24))/(INDEX(Island_Group_Summary!$B$5:$F$5,C24+1)-INDEX(Island_Group_Summary!$B$5:$F$5,C24)))) -> 60327181 | E24: =IF(C24=5,INDEX(Island_Group_Summary!$B$8:$F$8,5),INDEX(Island_Group_Summary!$B$8:$F$8,C24)*(INDEX(Island_Group_Summary!$B$8:$F$8,C24+1)/INDEX(Island_Group_Summary!$B$8:$F$8,C24))^((B24-INDEX(Island_Group_Summary!$B$5:$F$5,C24))/(INDEX(Island_Group_Summary!$B$5:$F$5,C24+1)-INDEX(Island_Group_Summary!$B$5:$F$5,C24)))) -> 20107719 | F24: =IF(C24=5,INDEX(Island_Group_Summary!$B$9:$F$9,5),INDEX(Island_Group_Summary!$B$9:$F$9,C24)*(INDEX(Island_Group_Summary!$B$9:$F$9,C24+1)/INDEX(Island_Group_Summary!$B$9:$F$9,C24))^((B24-INDEX(Island_Group_Summary!$B$5:$F$5,C24))/(INDEX(Island_Group_Summary!$B$5:$F$5,C24+1)-INDEX(Island_Group_Summary!$B$5:$F$5,C24)))) -> 25413901 | G24: =SUM(D24:F24) -> 1.058488e+08
A25: 2019 | B25: =DATE(2019,7,1) -> 43647 | C25: =MATCH(B25,Island_Group_Summary!$B$5:$F$5,1) -> 3 | D25: =IF(C25=5,INDEX(Island_Group_Summary!$B$7:$F$7,5),INDEX(Island_Group_Summary!$B$7:$F$7,C25)*(INDEX(Island_Group_Summary!$B$7:$F$7,C25+1)/INDEX(Island_Group_Summary!$B$7:$F$7,C25))^((B25-INDEX(Island_Group_Summary!$B$5:$F$5,C25))/(INDEX(Island_Group_Summary!$B$5:$F$5,C25+1)-INDEX(Island_Group_Summary!$B$5:$F$5,C25)))) -> 61338703 | E25: =IF(C25=5,INDEX(Island_Group_Summary!$B$8:$F$8,5),INDEX(Island_Group_Summary!$B$8:$F$8,C25)*(INDEX(Island_Group_Summary!$B$8:$F$8,C25+1)/INDEX(Island_Group_Summary!$B$8:$F$8,C25))^((B25-INDEX(Island_Group_Summary!$B$5:$F$5,C25))/(INDEX(Island_Group_Summary!$B$5:$F$5,C25+1)-INDEX(Island_Group_Summary!$B$5:$F$5,C25)))) -> 20365728 | F25: =IF(C25=5,INDEX(Island_Group_Summary!$B$9:$F$9,5),INDEX(Island_Group_Summary!$B$9:$F$9,C25)*(INDEX(Island_Group_Summary!$B$9:$F$9,C25+1)/INDEX(Island_Group_Summary!$B$9:$F$9,C25))^((B25-INDEX(Island_Group_Summary!$B$5:$F$5,C25))/(INDEX(Island_Group_Summary!$B$5:$F$5,C25+1)-INDEX(Island_Group_Summary!$B$5:$F$5,C25)))) -> 25867341 | G25: =SUM(D25:F25) -> 1.0757177e+08
A26: 2020 | B26: =DATE(2020,7,1) -> 44013 | C26: =MATCH(B26,Island_Group_Summary!$B$5:$F$5,1) -> 4 | D26: =IF(C26=5,INDEX(Island_Group_Summary!$B$7:$F$7,5),INDEX(Island_Group_Summary!$B$7:$F$7,C26)*(INDEX(Island_Group_Summary!$B$7:$F$7,C26+1)/INDEX(Island_Group_Summary!$B$7:$F$7,C26))^((B26-INDEX(Island_Group_Summary!$B$5:$F$5,C26))/(INDEX(Island_Group_Summary!$B$5:$F$5,C26+1)-INDEX(Island_Group_Summary!$B$5:$F$5,C26)))) -> 62274567 | E26: =IF(C26=5,INDEX(Island_Group_Summary!$B$8:$F$8,5),INDEX(Island_Group_Summary!$B$8:$F$8,C26)*(INDEX(Island_Group_Summary!$B$8:$F$8,C26+1)/INDEX(Island_Group_Summary!$B$8:$F$8,C26))^((B26-INDEX(Island_Group_Summary!$B$5:$F$5,C26))/(INDEX(Island_Group_Summary!$B$5:$F$5,C26+1)-INDEX(Island_Group_Summary!$B$5:$F$5,C26)))) -> 20601702 | F26: =IF(C26=5,INDEX(Island_Group_Summary!$B$9:$F$9,5),INDEX(Island_Group_Summary!$B$9:$F$9,C26)*(INDEX(Island_Group_Summary!$B$9:$F$9,C26+1)/INDEX(Island_Group_Summary!$B$9:$F$9,C26))^((B26-INDEX(Island_Group_Summary!$B$5:$F$5,C26))/(INDEX(Island_Group_Summary!$B$5:$F$5,C26+1)-INDEX(Island_Group_Summary!$B$5:$F$5,C26)))) -> 26302529 | G26: =SUM(D26:F26) -> 1.091788e+08
A27: 2021 | B27: =DATE(2021,7,1) -> 44378 | C27: =MATCH(B27,Island_Group_Summary!$B$5:$F$5,1) -> 4 | D27: =IF(C27=5,INDEX(Island_Group_Summary!$B$7:$F$7,5),INDEX(Island_Group_Summary!$B$7:$F$7,C27)*(INDEX(Island_Group_Summary!$B$7:$F$7,C27+1)/INDEX(Island_Group_Summary!$B$7:$F$7,C27))^((B27-INDEX(Island_Group_Summary!$B$5:$F$5,C27))/(INDEX(Island_Group_Summary!$B$5:$F$5,C27+1)-INDEX(Island_Group_Summary!$B$5:$F$5,C27)))) -> 62741073 | E27: =IF(C27=5,INDEX(Island_Group_Summary!$B$8:$F$8,5),INDEX(Island_Group_Summary!$B$8:$F$8,C27)*(INDEX(Island_Group_Summary!$B$8:$F$8,C27+1)/INDEX(Island_Group_Summary!$B$8:$F$8,C27))^((B27-INDEX(Island_Group_Summary!$B$5:$F$5,C27))/(INDEX(Island_Group_Summary!$B$5:$F$5,C27+1)-INDEX(Island_Group_Summary!$B$5:$F$5,C27)))) -> 20708779 | F27: =IF(C27=5,INDEX(Island_Group_Summary!$B$9:$F$9,5),INDEX(Island_Group_Summary!$B$9:$F$9,C27)*(INDEX(Island_Group_Summary!$B$9:$F$9,C27+1)/INDEX(Island_Group_Summary!$B$9:$F$9,C27))^((B27-INDEX(Island_Group_Summary!$B$5:$F$5,C27))/(INDEX(Island_Group_Summary!$B$5:$F$5,C27+1)-INDEX(Island_Group_Summary!$B$5:$F$5,C27)))) -> 26604236 | G27: =SUM(D27:F27) -> 1.1005409e+08
A28: 2022 | B28: =DATE(2022,7,1) -> 44743 | C28: =MATCH(B28,Island_Group_Summary!$B$5:$F$5,1) -> 4 | D28: =IF(C28=5,INDEX(Island_Group_Summary!$B$7:$F$7,5),INDEX(Island_Group_Summary!$B$7:$F$7,C28)*(INDEX(Island_Group_Summary!$B$7:$F$7,C28+1)/INDEX(Island_Group_Summary!$B$7:$F$7,C28))^((B28-INDEX(Island_Group_Summary!$B$5:$F$5,C28))/(INDEX(Island_Group_Summary!$B$5:$F$5,C28+1)-INDEX(Island_Group_Summary!$B$5:$F$5,C28)))) -> 63211074 | E28: =IF(C28=5,INDEX(Island_Group_Summary!$B$8:$F$8,5),INDEX(Island_Group_Summary!$B$8:$F$8,C28)*(INDEX(Island_Group_Summary!$B$8:$F$8,C28+1)/INDEX(Island_Group_Summary!$B$8:$F$8,C28))^((B28-INDEX(Island_Group_Summary!$B$5:$F$5,C28))/(INDEX(Island_Group_Summary!$B$5:$F$5,C28+1)-INDEX(Island_Group_Summary!$B$5:$F$5,C28)))) -> 20816412 | F28: =IF(C28=5,INDEX(Island_Group_Summary!$B$9:$F$9,5),INDEX(Island_Group_Summary!$B$9:$F$9,C28)*(INDEX(Island_Group_Summary!$B$9:$F$9,C28+1)/INDEX(Island_Group_Summary!$B$9:$F$9,C28))^((B28-INDEX(Island_Group_Summary!$B$5:$F$5,C28))/(INDEX(Island_Group_Summary!$B$5:$F$5,C28+1)-INDEX(Island_Group_Summary!$B$5:$F$5,C28)))) -> 26909403 | G28: =SUM(D28:F28) -> 1.1093689e+08
A29: 2023 | B29: =DATE(2023,7,1) -> 45108 | C29: =MATCH(B29,Island_Group_Summary!$B$5:$F$5,1) -> 4 | D29: =IF(C29=5,INDEX(Island_Group_Summary!$B$7:$F$7,5),INDEX(Island_Group_Summary!$B$7:$F$7,C29)*(INDEX(Island_Group_Summary!$B$7:$F$7,C29+1)/INDEX(Island_Group_Summary!$B$7:$F$7,C29))^((B29-INDEX(Island_Group_Summary!$B$5:$F$5,C29))/(INDEX(Island_Group_Summary!$B$5:$F$5,C29+1)-INDEX(Island_Group_Summary!$B$5:$F$5,C29)))) -> 63684596 | E29: =IF(C29=5,INDEX(Island_Group_Summary!$B$8:$F$8,5),INDEX(Island_Group_Summary!$B$8:$F$8,C29)*(INDEX(Island_Group_Summary!$B$8:$F$8,C29+1)/INDEX(Island_Group_Summary!$B$8:$F$8,C29))^((B29-INDEX(Island_Group_Summary!$B$5:$F$5,C29))/(INDEX(Island_Group_Summary!$B$5:$F$5,C29+1)-INDEX(Island_Group_Summary!$B$5:$F$5,C29)))) -> 20924605 | F29: =IF(C29=5,INDEX(Island_Group_Summary!$B$9:$F$9,5),INDEX(Island_Group_Summary!$B$9:$F$9,C29)*(INDEX(Island_Group_Summary!$B$9:$F$9,C29+1)/INDEX(Island_Group_Summary!$B$9:$F$9,C29))^((B29-INDEX(Island_Group_Summary!$B$5:$F$5,C29))/(INDEX(Island_Group_Summary!$B$5:$F$5,C29+1)-INDEX(Island_Group_Summary!$B$5:$F$5,C29)))) -> 27218071 | G29: =SUM(D29:F29) -> 1.1182727e+08
A30: 2024 | B30: =DATE(2024,7,1) -> 45474 | C30: =MATCH(B30,Island_Group_Summary!$B$5:$F$5,1) -> 5 | D30: =IF(C30=5,INDEX(Island_Group_Summary!$B$7:$F$7,5),INDEX(Island_Group_Summary!$B$7:$F$7,C30)*(INDEX(Island_Group_Summary!$B$7:$F$7,C30+1)/INDEX(Island_Group_Summary!$B$7:$F$7,C30))^((B30-INDEX(Island_Group_Summary!$B$5:$F$5,C30))/(INDEX(Island_Group_Summary!$B$5:$F$5,C30+1)-INDEX(Island_Group_Summary!$B$5:$F$5,C30)))) -> 64162977 | E30: =IF(C30=5,INDEX(Island_Group_Summary!$B$8:$F$8,5),INDEX(Island_Group_Summary!$B$8:$F$8,C30)*(INDEX(Island_Group_Summary!$B$8:$F$8,C30+1)/INDEX(Island_Group_Summary!$B$8:$F$8,C30))^((B30-INDEX(Island_Group_Summary!$B$5:$F$5,C30))/(INDEX(Island_Group_Summary!$B$5:$F$5,C30+1)-INDEX(Island_Group_Summary!$B$5:$F$5,C30)))) -> 21033659 | F30: =IF(C30=5,INDEX(Island_Group_Summary!$B$9:$F$9,5),INDEX(Island_Group_Summary!$B$9:$F$9,C30)*(INDEX(Island_Group_Summary!$B$9:$F$9,C30+1)/INDEX(Island_Group_Summary!$B$9:$F$9,C30))^((B30-INDEX(Island_Group_Summary!$B$5:$F$5,C30))/(INDEX(Island_Group_Summary!$B$5:$F$5,C30+1)-INDEX(Island_Group_Summary!$B$5:$F$5,C30)))) -> 27531140 | G30: =SUM(D30:F30) -> 112727776
A32: 2024 row (1 Jul 2024) equals the census count exactly, because it is the census reference date. No values are extrapolated beyond 1 July 2024.

Sheet Sources
A1: Sources and URL accessibility check (checked 24 September 2026)
A2: All data are from the Philippine Statistics Authority (PSA), the national statistical office (priority 01: local government source). 'Opened directly' = page/PDF fetched and read. 'Search-indexed' = page returned by web search with the quoted figures in the snippet, but not opened individually.
A4: # | B4: Publication | C4: Used for | D4: URL | E4: Accessibility
A5: 1 | B5: PSA – 2024 POPCEN Population Counts Declared Official by the President (Ref. 2025-258, 17 Jul 2025) | C5: National totals 2010/2015/2020/2024; counts of Filipinos abroad; census dates | D5: https://psa.gov.ph/content/2024-census-population-popcen-population-counts-declared-official-president | E5: Opened directly
A6: 2 | B6: PSA – same release, press release PDF | C6: Table 1 national totals and footnotes | D6: https://psa.gov.ph/system/files/phcd/1_2024%20POPCEN%20Press%20Release_Declaration%20of%20Count_Revised_ONS-signed_0.pdf | E6: Opened directly
A7: 3 | B7: PSA – Population and Housing latest-releases listing | C7: 2024 counts for CAR, III, MIMAROPA, X, XI, XIII, BARMM (release summaries) | D7: https://psa.gov.ph/statistics/population-and-housing/index | E7: Search-indexed
A8: 4 | B8: PSA – 2024 POPCEN Highlights, NCR | C8: NCR 2024 | D8: https://psa.gov.ph/content/highlights-national-capital-region-ncr-population-2024-census-population-2024-popcen | E8: Search-indexed
A9: 5 | B9: PSA – 2024 POPCEN Highlights, Region I | C9: Region I 2024 + cross-check | D9: https://psa.gov.ph/content/highlights-region-i-ilocos-region-population-2024-census-population-2024-popcen | E9: Search-indexed
A10: 6 | B10: PSA – 2024 POPCEN Highlights, Region II | C10: Region II 2024 + cross-check | D10: https://psa.gov.ph/content/highlights-region-ii-cagayan-valley-population-2024-census-population-2024-popcen | E10: Search-indexed
A11: 7 | B11: PSA – 2024 POPCEN Highlights, Region IV-A (press release PDF) | C11: IV-A 2024 + Table 1 (2010–2024) | D11: https://psa.gov.ph/system/files/phcd/2024%20POPCEN%20Press%20Release_Region%20IV-A_ONS-signed.pdf | E11: Opened directly
A12: 8 | B12: PSA – 2024 POPCEN Highlights, Region V | C12: Region V 2024 + cross-check | D12: https://psa.gov.ph/content/highlights-region-v-bicol-region-population-2024-census-population-2024-popcen | E12: Search-indexed
A13: 9 | B13: PSA – 2024 POPCEN Highlights, Negros Island Region | C13: NIR 2024; Region VI 2024 (shown on same page) | D13: https://psa.gov.ph/content/highlights-negros-island-region-nir-population-2024-census-population-2024-popcen | E13: Search-indexed
A14: 10 | B14: PSA – 2024 POPCEN Highlights, Region VII | C14: Region VII 2024 | D14: https://psa.gov.ph/content/highlights-region-vii-central-visayas-population-2024-census-population-2024-popcen | E14: Search-indexed
A15: 11 | B15: PSA – 2024 POPCEN Highlights, Region VIII | C15: Region VIII 2024 + cross-check | D15: https://psa.gov.ph/content/highlights-region-viii-eastern-visayas-population-2024-census-population-2024-popcen | E15: Search-indexed
A16: 12 | B16: PSA – 2024 POPCEN Highlights, Region IX | C16: Region IX 2024 | D16: https://psa.gov.ph/content/highlights-region-ix-zamboanga-peninsula-population-2024-census-population-2024-popcen | E16: Search-indexed
... A37: 33 | B37: PSA – 2020 CPH Highlights, BARMM (press release PDF) | C37: BARMM 2000–2020 (Table 1) | D37: https://psa.gov.ph/system/files/phcd/2022-12/17_Press%2520Release_2020-CPH_RSSO_BARMM_signed.pdf | E37: Opened directly
B39: Not used: PSA's Table A/B Excel attachments (the machine-readable versions) could not be opened in this environment. Downloading Table A from the 2020 CPH release page gives all regions for 2000–2020 in one file and is a good independent check.
